{
  "version": 2,
  "name": "wbs-pmptsp-tegal",
  "builds": [
    {
      "src": "package.json",
      "use": "@vercel/static-build"
    }
  ],
  "routes": [
    {
      "src": "/static/(.*)",
      "headers": {
        "cache-control": "public, max-age=31536000, immutable"
      }
    },
    {
      "src": "/(.*)",
      "dest": "/index.html"
    }
  ],
  "headers": [
    {
      "source": "/(.*)",
      "headers": [
        {
          "key": "X-Frame-Options",
          "value": "DENY"
        },
        {
          "key": "X-XSS-Protection",
          "value": "1; mode=block"
        },
        {
          "key": "X-Content-Type-Options",
          "value": "nosniff"
        },
        {
          "key": "Referrer-Policy",
          "value": "strict-origin-when-cross-origin"
        },
        {
          "key": "Content-Security-Policy",
          "value": "default-src 'self'; script-src 'self' 'unsafe-inline' 'unsafe-eval' https://www.googletagmanager.com https://www.google-analytics.com; style-src 'self' 'unsafe-inline' https://fonts.googleapis.com; font-src 'self' https://fonts.gstatic.com; img-src 'self' data: https: blob:; connect-src 'self' https://*.supabase.co https://www.google-analytics.com; frame-src 'none'; object-src 'none';"
        }
      ]
    }
  ]
}